reference_year;2010;2030
current_year;2030;2050
GDP;0.01475;0.017
GDP_world;0.0215871126;0.0195184098
Population;0.0042131436;0.0025984392
Labour_force;0.0030480279;0.0013270206
Retired;0.0246854838;0.0148062403
pM_Crude_oil;0.0179006101;0.0072733204
pM_Natural_gas;0.0250937362;0.0067531869
pM_Coal;-0.0127841512;0.0081184836
units;mean_yearly_growth_rate;
