;Crude_oil;Natural_gas;Coking_coal;Bituminous_coal;Coke;Other_coal;Gasoline;LPG;Jetfuel;Fuel;Fuel_oil;Heavy_fuel_oil;Other_fuel_prod;Electricity;HeatGeoSol_Th;Steel_Iron;NonFerrousMetals;Cement;OthMin;Buildings_constr;Work_constr;ChemicalPharma;Paper;Mining;Automobile;OthTranspEquip;Load_PipeTransp;PassTransp;NavalTransp;AirTransp;Agri_Forestry;Fishing;Food_industry;Property_business;Comp
Labour;0.261634143;23.17298437;0;0.008593863;0.043824094;0.409158157;0.289235073;0.513770656;0.030884091;2.298464966;0.488895176;0.237832824;0.354795199;81.11984484;1.720102589;38.516;39.86402;4.952;99.20707;154.14857;2461.1172108992;96.69434789;63.73396;9.585932393;77.7133350847;41.8540629153;87.6184474544;100.8850671369;4.6426699088;18.7609505817;222.0591333;27.31137;558.67541;496.6229569431;20506.9675480759
Thousand of Full-time equivalent;0;0;0;0;0;0;0;0;0;0;0;0;0;0;0;0;0;0;0;0;0;0;0;0;0;0;0;0;0;0;0;0;0;0;0
