CurYear_MtCO2perKtoe;2030;2050
Oil;0.0019288122406639;0.000408454356846473
Gas_heating;0.0018616797236964;0.000394238059135709
Coal_lignite;0;0
Electricity;0.00173170349475004;0.000366713681241185
Steel_Iron;0.00207317073170732;0.000439024390243902
NonFerrousMetals;0.00186199342825849;0.000394304490690033
Cement;0.00202813010172046;0.000429486374481979
OthMin;0.00192979392245896;0.000408662242403074
ChemicalPharma;0.00186389883780425;0.000394707989182077
Paper;0.00196759259259259;0.000416666666666667
Auto_transport;0.00190850406960427;0.000404153802975021
LandTransp;0.00136;0.000288
NavalTransp;0;0
AirTransp;0;0
AgriForest_Fish;0.00194730813287514;0.000412371134020619
Food_industry;0.00198885793871866;0.00042116991643454
Construction;0.00192580005664118;0.000407816482582838
ManufacturedGoods;0.00180932108447233;0.000383150347300022
Compo;0.001776949645519;0.000376295219051082
C;0.00173898347298571;0.000368255323691092
