sigma_ConsoBudget_H10;H1;H2;H3;H4;H5;H6;H7;H8;H9;H10
AllEnergy;0.37;0.366666667;0.366666667;0.363333333;0.36;0.36;0.35;0.343333333;0.343333333;0.333333333
AllComp;%nan;%nan;%nan;%nan;%nan;%nan;%nan;%nan;%nan;%nan
