CurYear_MtCO2perKtoe;2030;2050
Emis_Coef_Gas;0.00199632107023411;0.000416455696202532
