;Crude_oil;Gas;Fossil_fuels;Biofuels;Elec;Renew;Agri;Cattle;Cement;IronSteel;RestHeavIndus;FoodBevarage;RestManufIndus;TransRoadFreight;TransRoadPass;RestTrans;CommerceServ;Construction;Composite
Labour;13.62550055;19.07128056;11.94841556;3.320029639;59.35589056;1.894273282;715.7283908;410.5118915;37.09365941;119.739426;419.2947693;620.0416922;1095.542088;326.1885129;463.3503353;201.0892701;2881.549931;1234.295588;7809.26783
Thousand of Full-time equivalent;0;0;0;0;0;0;0;0;0;0;0;0;0;0;0;0;0;0;0
