Households_Groups;H1;H2;H3;H4;H5;H6;H7;H8;H9;H10;H11;H12;H13;H14;H15;H16;H17;H18;H19;H20
Population;0.041128313;0.045939549;0.04733636;0.049276375;0.050905987;0.045861949;0.049625577;0.052457999;0.051604392;0.054048811;0.048461568;0.053389206;0.051449191;0.0525744;0.052923602;0.053544407;0.051487991;0.050362783;0.049858379;0.047763163
Retired;0.033974072;0.044479213;0.048725972;0.05476084;0.051855163;0.048502459;0.054984354;0.048502459;0.056101922;0.053643272;0.053643272;0.051184622;0.048055431;0.048725972;0.054537327;0.051408136;0.048278945;0.053196245;0.04984354;0.045596781
Unemployed;0.124119718;0.118838028;0.090669014;0.069542254;0.063380282;0.059859155;0.049295775;0.040492958;0.044014085;0.033450704;0.032570423;0.050176056;0.029929577;0.035211268;0.025528169;0.027288732;0.029929577;0.023767606;0.029049296;0.022887324
Labour_force;0.020687701;0.020593236;0.025033063;0.032495749;0.037407897;0.037407897;0.042603439;0.048743624;0.048082373;0.054883809;0.050916305;0.061212923;0.061496316;0.063763461;0.065558285;0.065180427;0.067164179;0.066314;0.067069715;0.063385604
Consumption_Units;1.542947368;1.636440678;1.660167715;1.671370968;1.696819085;1.606313646;1.657905138;1.712180747;1.689189189;1.715839695;1.649203187;1.708301887;1.687332054;1.686981132;1.667527675;1.712030075;1.690304183;1.628073394;1.593873874;1.577962963
Nb_Households;0.0499267167722123;0.0499613288066126;0.0499637369552324;0.0499039005844414;0.0499875327288826;0.0499431248356898;0.0498542682332258;0.0500750015846842;0.0501085524010487;0.0499274514616217;0.0501582255683425;0.0502242659830354;0.049837941801905;0.0499833286728175;0.0501668785769425;0.0500793280889843;0.0501110829979034;0.049813370522767;0.050497284730799;0.049476678692852
