ConstrainedShare_C;H1;H2;H3;H4;H5;H6
PrimEnergy;0;0;0;0;0;0
FinEnHTr;0.367500890473936;0.392043685468388;0.395840764477371;0.434891874134245;0.490646166402708;0.8
FinEnHRes;0.432031483068501;0.486328964446589;0.575612023569931;0.672016917993221;0.704792429879942;0.8
AllComp;%nan;%nan;%nan;%nan;%nan;%nan
