ConstrainedShare_C;H1;H2;H3;H4;H5;H6;H7;H8;H9;H10;H11;H12;H13;H14;H15;H16;H17;H18;H19;H20
PrimEnergy;0;0;0;0;0;0;0;0;0;0;0;0;0;0;0;0;0;0;0;0
FinEnHTr;0.8;0.78415270834415;0.789197680875662;0.72426981205613;0.582352154031783;0.598610751834142;0.546360529772057;0.525196624622237;0.508045792145691;0.470866378256198;0.433237156853276;0.427052948624331;0.371823289399672;0.401350051546844;0.38269887763096;0.377060167877998;0.349067260918381;0.34548900831825;0.325710878678103;0.320644492397289
FinEnHRes;0.757546754347079;0.77618576976435;0.8;0.754899803844862;0.731466495687383;0.714159427098409;0.716486222203916;0.693162844348054;0.669039669368055;0.720580219940197;0.657045562542324;0.664792561235042;0.626039549031785;0.646811290041242;0.586518302290314;0.609285795069607;0.594828878202649;0.540230719104126;0.474362393196285;0.420189089864085
AllComp;%nan;%nan;%nan;%nan;%nan;%nan;%nan;%nan;%nan;%nan;%nan;%nan;%nan;%nan;%nan;%nan;%nan;%nan;%nan;%nan
