CarbonTax_Diff_C;H1;H2;H3;H4;H5;H6;H7;H8;H9;H10;H11;H12;H13;H14;H15;H16;H17;H18;H19;H20
PrimEnergy;0;0;0;0;0;0;0;0;0;0;0;0;0;0;0;0;0;0;0;0
FinEnHTr;-1.96083820421167;-1.8168754300036;-1.86035733606433;-1.42228764926591;-0.938991173133403;-0.977025773944717;-0.864491885252577;-0.825957988462736;-0.797162895613395;-0.741150485863882;-0.691943103865068;-0.684474490095943;-0.624295097580986;-0.655086736173037;-0.63529390540762;-0.62954336939162;-0.602470297308493;-0.599176554445128;-0.581601613375457;-0.577264240082787
FinEnHRes;-0.137129040751611;-0.148549004093682;-0.166236905017498;-0.135648120748363;-0.123810922918558;-0.116314421938085;-0.117269013386054;-0.1083551336306;-0.100457299338613;-0.118987213419121;-0.096944017549278;-0.09918449640019;-0.088906142126579;-0.094134891818547;-0.080408349843923;-0.085093862941131;-0.082057627542687;-0.072313184862452;-0.063251526475949;-0.057341765086321
AllComp;%nan;%nan;%nan;%nan;%nan;%nan;%nan;%nan;%nan;%nan;%nan;%nan;%nan;%nan;%nan;%nan;%nan;%nan;%nan;%nan
