CarbonTax_Diff_C;H1;H2;H3;H4;H5;H6;H7;H8;H9;H10
PrimEnergy;0;0;0;0;0;0;0;0;0;0
FinEnHTr;-1.88885681710764;-1.64132249266512;-0.95800847353906;-0.845224936857657;-0.769156690738638;-0.688208796980505;-0.639690916877012;-0.63241863739962;-0.600823425876811;-0.579432926729122
FinEnHRes;-0.142839022422646;-0.150942512882931;-0.120062672428322;-0.112812073508327;-0.109722256378867;-0.098064256974734;-0.091520516972563;-0.082751106392527;-0.077185406202569;-0.060296645781135
AllComp;%nan;%nan;%nan;%nan;%nan;%nan;%nan;%nan;%nan;%nan
