sigma_ConsoBudget;H1;H2;H3;H4;H5;H6
PrimEnergy;0;0;0;0;0;0
FinEnHTr;0.796578045917293;0.828735375664071;0.833943892746846;0.891572571070035;0.989164842742784;2.5191745235535
FinEnHRes;1.30103749552412;1.43856337161193;1.74120940706451;2.25300747917795;2.50314833222124;3.69474168402554
AllComp;%nan;%nan;%nan;%nan;%nan;%nan
