sigma_ConsoBudget;H1;H2;H3;H4;H5;H6;H7;H8;H9;H10
PrimEnergy;0;0;0;0;0;0;0;0;0;0
FinEnHTr;2.42669689017556;2.1086787270751;1.23079534798142;1.08589741011292;0.988169210375261;0.884171914090028;0.821838873438832;0.812495858217966;0.771904109360979;0.744422800406876
FinEnHRes;3.17470594267174;3.35481218313962;2.66848423621536;2.50733415909478;2.43866062271591;2.17955271676528;2.03411311685874;1.83920629510949;1.71550437410428;1.34013882507637
AllComp;%nan;%nan;%nan;%nan;%nan;%nan;%nan;%nan;%nan;%nan
