CarbonTax_Diff_C;H1;H2;H3;H4;H5;H6
PrimEnergy;0;0;0;0;0;0
FinEnHTr;-0.620028763575951;-0.64505891536709;-0.649113044681159;-0.693969212071633;-0.769931656492435;-1.96083820421167
FinEnHRes;-0.058537366090504;-0.06472504521825;-0.078341948523554;-0.101369195020896;-0.112623741288133;-0.166236905017498
AllComp;%nan;%nan;%nan;%nan;%nan;%nan
