2030;PrimEnergy;FinEnHTr;FinEnHRes;AllComp;C;G;I;X;Tot_uses;Y;M
PrimEnergy;0;38096.2529673507;9801.63305333404;0;0;0;0;0;0;0;46923.1162978089
FinEnHTr;131.832398087286;0;559.910970078737;38972.3855633052;24474.4067203426;0;0;9096.6999073676;0;0;31558.9640867416
FinEnHRes;64.9077633559093;1571.52413220058;14645.0575874098;55344.2977653576;29833.9446978361;0;0;24463.6393675233;0;0;56008.067632233
AllComp;0;0;0;0;0;0;0;769170.3324;0;0;0
ktoe;0;0;0;0;0;0;0;0;0;0;0
