2040;PrimEnergy;FinEnHTr;FinEnHRes;AllComp;C;G;I;X;Tot_uses;Y;M
PrimEnergy;0;39174.200708337;10078.9739303193;0;0;0;0;0;0;0;48250.8234415171
FinEnHTr;135.562645149348;0;575.753860608342;40075.123804119;25166.919221737;0;0;9354.0944370601;0;0;32451.9367912836
FinEnHRes;66.7443528215963;1615.9909959014;15059.4449749697;56910.2853915888;30678.1073329201;0;0;25155.8472026384;0;0;57592.8368753636
AllComp;0;0;0;0;0;0;0;790934.295;0;0;0
ktoe;0;0;0;0;0;0;0;0;0;0;0
