ConstrainedShare_C;H1;H2;H3;H4;H5;H6;H7;H8;H9;H10
PrimEnergy;0;0;0;0;0;0;0;0;0;0
FinEnHTr;0.791638505650389;0.756081860232768;0.590057712412853;0.535484969238968;0.489025989153379;0.429995453796884;0.386746363890316;0.379863083367444;0.347297900204107;0.323232054547864
FinEnHRes;0.767381243765105;0.776997088708022;0.723264027735432;0.704500966840508;0.695406172102904;0.661106465476107;0.636537762037311;0.59796842620993;0.567831388484598;0.447857092559585
AllComp;%nan;%nan;%nan;%nan;%nan;%nan;%nan;%nan;%nan;%nan
