Households_Groups;H1;H2;H3;H4
Population;0.122;0.311;0.29;0.277
Retired;0.01;0.23;0.4;0.36
Unemployed;0.22;0.42;0.23;0.13
Labour_force;0.095;0.272;0.304;0.329
Consumption_Units;2.1;1.876666667;1.866666667;1.803448276
Nb_Households;0.1;0.3;0.3;0.3
