Households_Groups;H1;H2;H3;H4
Population;0.237;0.394;0.283;0.086
Retired;0.06;0.45;0.36;0.13
Unemployed;0.4;0.41;0.16;0.03
Labour_force;0.189;0.38;0.329;0.102
Consumption_Units;2.051476793;1.854822335;1.834275618;1.7
Nb_Households;0.2;0.4;0.3;0.1
