;PrimEnergy;FinEnHTr;FinEnHRes;Comp;C;G;I;X;Tot_uses;Y;M
PrimEnergy;0;47.43706228;29.7828444;0;0;0;0;0.06;77.27990668;1.364865026;75.91504166
FinEnHTr;0;1.633849478;1.688167037;20.23964335;29.61447901;0;0;7.267133512;60.44327238;46.19448732;14.24878506
FinEnHRes;0.016159315;4.21608466;26.30320731;59.16819583;38.2402375;0;0;24.33339612;152.2772807;83.71789046;68.55939028
Comp;0.124473199;3.801491594;12.98754854;1404.041951;792.6889462;386.1837873;297.4106959;420.8158099;3318.054703;2927.155883;390.8988202
ktoe;0;0;0;0;0;0;0;0;0;0;0
