reference_year;2010;2016
current_year;2016;2018
GDP;0.0100511944;0.0190673547
GDP_world;0;0.0211186099
Population;0.0055833969;0.0028324752
Labour_force;0.0069981883;0.0006149189
Retired;0.011630089;0.0143982203
pM_Crude_oil;-0.0759141525;0.1192675684
pM_Natural_gas;-0.0084277732;0.0652740742
pM_Coal;-0.011457951;-0.0087283465
pM_AllFuels;-0.0243576264;0.1023002522
pM_Electricity;0.0556199136;0.0556199136
pM_HeatGeoSol_Th;0.0556199136;0.0556199136
units;mean_yearly_growth_rate;
