Economic sector;Coal;Crude Oil;Natural Gas;Gasoline;Diesel;Refining (Other fossil fuels);Ethanol;Biodiesel;Other Biofuel;Electricity;Planted Forest;Sugar Cane;Soy;Rest of Agriculture;Cattle;Rest of Livestook;Cement;Iron and Steel;Mining and Pelletization;Non-Ferrous and other Metals;Chemical;Bovine meat;Rest of Food and Beverages;Textiles;Pulp and Paper;Ceramics;Construction;Other Industry;Freight road ;Freight rail;Freight Air;Freight water;Passenger road;Passenger rail;Passenger Air;Passenger water;Water, sewage and drainage;Education;Health;Composite (Other Services)
Labour_income_formal;0.506477665;0.976417182;0.903741852;0.985351609;0.985351609;0.985351609;0.975473151;0.975473151;0.590039544;0.978447342;0.590039544;0.881810798;0.51434821;0.33176941;0.380225259;0.368762777;0.844376226;0.973437436;0.897477148;0.915684338;0.953579615;0.934056716;0.89953732;0.789136749;0.918357029;0.837973829;0.451062363;0.801410673;0.556992097;0.944700388;0.886862206;0.854160911;0.511161895;0.944700388;0.886862206;0.849644393;0.833810099;0.873317426;0.767061187;0.69906676
Labour_income_informal;0.493522335;0.023582818;0.096258148;0.014648391;0.014648391;0.014648391;0.024526849;0.024526849;0.409960456;0.021552658;0.409960456;0.118189202;0.48565179;0.66823059;0.619774741;0.631237223;0.155623774;0.026562564;0.102522852;0.084315662;0.046420385;0.065943284;0.10046268;0.210863251;0.081642971;0.162026171;0.548937637;0.198589327;0.443007903;0.055299612;0.113137794;0.145839089;0.488838105;0.055299612;0.113137794;0.150355607;0.166189901;0.126682574;0.232938813;0.30093324
