Economic sector;Coal;Crude Oil;Natural Gas;Gasoline;Diesel;Refining (Other fossil fuels);Ethanol;Biodiesel;Other Biofuel;Electricity;Planted Forest;Sugar Cane;Soy;Rest of Agriculture;Cattle;Rest of Livestook;Cement;Iron and Steel;Mining and Pelletization;Non-Ferrous and other Metals;Chemical;Bovine meat;Rest of Food and Beverages;Textiles;Pulp and Paper;Ceramics;Construction;Other Industry;Freight road ;Freight rail;Freight Air;Freight water;Passenger road;Passenger rail;Passenger Air;Passenger water;Water, sewage and drainage;Education;Health;Composite (Other Services)
Formal jobs (%);0.831816059;0.944089255;0.787823894;0.932463531;0.932463531;0.932463531;0.975759049;0.975759049;0.302997458;0.951521;0.302997458;0.810372859;0.390039983;0.130249437;0.212387077;0.148499867;0.767023989;0.956121337;0.782527873;0.875091834;0.91336373;0.897827197;0.734507259;0.524105653;0.875189882;0.742427156;0.351398883;0.699028617;0.530235868;0.915672564;0.901699628;0.643208845;0.481353116;0.915672564;0.901699628;0.63579309;0.66294277;0.784155652;0.764782627;0.564480831
Informal jobs (%);0.168183941;0.055910745;0.212176106;0.067536469;0.067536469;0.067536469;0.024240951;0.024240951;0.697002542;0.048479;0.697002542;0.189627141;0.609960017;0.869750563;0.787612923;0.851500133;0.232976011;0.043878663;0.217472127;0.124908166;0.08663627;0.102172803;0.265492741;0.475894347;0.124810118;0.257572844;0.648601117;0.300971383;0.469764132;0.084327436;0.098300372;0.356791155;0.518646884;0.084327436;0.098300372;0.36420691;0.33705723;0.215844348;0.235217373;0.435519169
