;Coal;CrudeOil;NaturalGaz;OthFossFuel;OthBiofuel;Diesel;Biodiesel;Gasoline;Ethanol;Electricity;PlantedForest;SugarCane;Soy;RestAgri;Cattle;RestLivestoock;Cement;IronSteel;MiningPellet;NonFerrousMetals;Chemical;BovineMeat;RestFoodBeve;Textiles;PaperPulp;Ceramics;Construction;OthIndustry;FreightRoad;FreightRail;FreightAir;FreightWater;PassRoad;PassRail;PassAir;PassWater;WaterSewage;Education;Health;Composite
Labour;5.084544342;52.48462975;3.320861949;1.688139363;244.5873826;5.026806719;19.19202093;5.540495061;118.457358;94.72533247;1503.597762;2052.736347;4391.373305;8219.608836;4602.816305;5904.074717;115.8261724;115.8914701;218.9854466;91.28741254;336.355;459.2303814;1906.557619;699.5457496;201.2485836;356.2861173;11584.15628;6133.410585;2419.636682;72.25244635;12.28986378;86.34965138;1688.352332;57.99852276;45.32090713;4.774965175;609.4211832;6655.198;4811.755;36038.63079
ThousandFTE;0;0;0;0;0;0;0;0;0;0;0;0;0;0;0;0;0;0;0;0;0;0;0;0;0;0;0;0;0;0;0;0;0;0;0;0;0;0;0;0
