current_year;2030;2050
Crude_oil;0;0
Natural_gas;0;0
Coal;0;0
AllFuels;0;0
Electricity;7544.93604120468;13100.4954333297
HeatGeoSol_Th;3676.39752344701;2911.27566077866
Heavy_Industry;0;0
Buildings_constr;0;0
Work_constr;0;0
Automobile;0;0
OthTranspEquip;0;0
Load_PipeTransp;9132.38977985434;12976.5417226597
PassTransp;3436.43965425067;6279.61592265715
AirTransp;0;0
Agri_Food_industry;0;0
Property_business;89927.9560032492;113083.973522248
OtherSectors;0;0
