reference_year;2010;2030
current_year;2030;2050
GDP;0.01475;0.017
GDP_world;0.02111861;0.020106955
Population;0.004213144;0.002598439
Labour_force;0.003048028;0.001327021
Retired;0.017853009;0.007911113
units;mean_yearly_growth_rate;
