//Names;;;;;;Notes;;;;;;;;;;;;;;;;;
//;;;;;;;;;;;;;;;;;;;;;;;
//Sectors;Crude_oil;Liquid_fuels;Gas_fuels;Solid_fuels;Elec_heating;Steel_Iron;NonFerrousMetals;Cement;OthMin;ChemicalPharma;Paper;Auto_indus;OthEquip;Electronics;Food_industry;OthManuf;LandTransp;NavalTransp;AirTransp;AgriForest_Fish;Construction;Property_business;Compo
sigma_omegaU_sect;-0.1;-0.1;-0.1;-0.1;-0.1;-0.1;-0.1;-0.1;-0.1;-0.1;-0.1;-0.1;-0.1;-0.1;-0.1;-0.1;-0.1;-0.1;-0.1;-0.1;-0.1;-0.1;-0.1
Coef_real_wage_sect;0;0;0;0;0;0;0;0;0;0;0;0;0;0;0;0;0;0;0;0;0;0;0
//;;;;;;;;;;;;;;;;;;;;;;;
// Production;;;;;;;;;;;;;;;;;;;;;;;
sigma_Phi;1;1;1;1;1;1;1;1;1;1;1;1;1;1;1;1;1;1;1;1;1;1;1
sigma_Theta;1;1;1;1;1;1;1;1;1;1;1;1;1;1;1;1;1;1;1;1;1;1;1
phi_L;0;0;0;0;0;0;0;0;0;0;0;0;0;0;0;0;0;0;0;0;0;0;0
phi_K;0;0;0;0;0;0;0;0;0;0;0;0;0;0;0;0;0;0;0;0;0;0;0
ConstrainedShare_Labour;1;1;1;1;1;1;1;1;1;1;1;1;1;1;0;1;1;0;0;0;0;0;0
ConstrainedShare_Capital;1;1;1;1;1;1;1;1;1;1;1;1;1;1;0;1;1;0;0;0;0;0;0
// Consumption;;;;;;;;;;;;;;;;;;;;;;;
delta_C_parameter;0;0;0;0;0;0;0;0;0;0;0;0;0;0;0;0;0;0;0;0;0;0;0
//;;;;;;;;;;;;;;;;;;;;;;;
//International trade parameters;;;;;;;;;;;;;;;;;;;;;;;
sigma;0.8;0.8;0.8;0.8;0.8;0.8;0.8;0.8;0.8;0.8;0.8;0.8;0.8;0.8;0.8;0.8;0.8;0.8;0.8;0.8;0.8;0.8;0.8
sigma_X;0;0;0;0;0;0.42;0.42;0.42;0.42;0.42;0.42;0.42;0.42;0.42;0.42;0.42;0;0;0;0.42;0;0.42;0.42
sigma_M;0;0;0;0;0;1.9;1.9;1.9;1.9;1.9;1.9;1.9;1.9;1.9;1.9;1.9;0;0;0;1.9;0;1.9;1.9
delta_M_parameter;0;0;0;0;0;0;0;0;0;0;0;0;0;0;0;0;0;0;0;0;0;0;0
delta_X_parameter;0;0;0;0;0;0;0;0;0;0;0;0;0;0;0;0;0;0;0;0;0;0;0
delta_pM_parameter;0;0;0;0;0;0;0;0;0;0;0;0;0;0;0;0;0;0;0;0;0;0;0
CarbonTax_Diff_M;0;0;0;0;0.4;0.4;0.4;0.4;0.4;0.4;0;0;0;0;0;0;0;0;0;0;0;0;0
mu_demand;0;0.0129826190370062;0.00277674632150096;0.0000128196136593459;0.00677997404569226;0.000183917631631715;0.000275833309892029;0.000468965706917621;0.003926782574479;0.0374636383217745;0.00540124658712819;0.0713848797505313;0.0126360553700003;0.0249242980473826;0.0919251470936199;0.0793818405841776;0.0138410939814907;0.000334036300262316;0.0135737828310005;0.0194610862369009;0.0095403996624299;0.184145478980279;0.408579358012244