reference_year;2018;2030;2040;
current_year;2030;2040;2050;
GDP;0.00716989429674597;0.01108260190955;0.01108260190955;0.0150847932902065
GDP_world;0.00716989429674597;0.01108260190955;0.01108260190955;0.0150847932902065
Population;0.00197856523676765;0.000871212074141647;0.000871212074141647;0
Labour_force;0.000810648192526964;0.000281659658143418;0.000281659658143418;-0.00186457829035158
Retired;0.023438673;0.0079111127;0.0079111127;0.0079111127
pM_Crude_oil;0.0383588252986711;0.00561048755699689;0.019393429223757;
pM_Liquid_fuels;0.0383588252986711;0.00561048755699689;0.019393429223757;
pM_Gas_fuels;0.0869714106852457;0;0.00435346177059937;
pM_Solid_fuels;0.0371862157314031;0.0067164028144453;0.00964259190555294;
pM_Elec_heating;0;0;0;
units;mean_yearly_growth_rate;mean_yearly_growth_rate;mean_yearly_growth_rate;
