 ;Crude_oil;Natural_gas;Crude_coal;Coke;Gasoline;LPG;Jetfuel;Road_diesel;Heating_oil;Other_fuels;Electricity;HeatGeoSol_Th;Steel_Iron;NonFerrousMetals;Cement;OthMin;Construction;ChemicalPharma;Paper;Mining;Automobile;OthTranspEquip;LandTransp;NavalTransp;AirTransp;Agri_Forestry;Fishing;Food_industry;Property_business;Comp
Labour;0.092401649;4.490865945;0.337599595;0.037846221;0.193045780;0.280261643;0.029417608;7.917054515;0.840137711;0.810004149;91.81404798;1.955552819;38.41035079;41.57774769;5.420386023;108.4488482;3069.352035;97.54552446;66.01091599;10.57666437;79.63098412;40.10144811;180.5693394;3.847694406;17.63222941;222.7061967;29.63437708;562.1906347;406.5855671;21118.98038
Thousand of Full-time equivalent;0;0;0;0;0;0;0;0;0;0;0;0;0;0;0;0;0;0;0;0;0;0;0;0;0;0;0;0;0;0
