current_year;2030;2050
Crude_oil;0;0
Natural_gas;0;0
Coal;0;0
AllFuels;0;0
Electricity;6657.58795037343;10422.0979462578
HeatGeoSol_Th;74.5902939271474;16.2263162769495
Heavy_Industry;0;0
Buildings_constr;0;0
Work_constr;0;0
Automobile;0;0
OthTranspEquip;0;0
Load_PipeTransp;8492.89929664924;10690.1633191224
PassTransp;2643.90114344934;3810.94671322213
AirTransp;0;0
Agri_Food_industry;0;0
Property_business;88492.2747360115;102966.526221713
OtherSectors;0;0
