Households_Groups;H1;H2;H3;H4;H5;H6;H7;H8;H9;H10
Population;0.094170005;0.102871281;0.097499455;0.101335271;0.101187598;0.103951797;0.103263313;0.104120757;0.09684495;0.094755573
Retired;0.045148926;0.095605694;0.121011145;0.119850115;0.118003076;0.103635753;0.099736613;0.096237542;0.103869516;0.09690162
Unemployed;0.229813774;0.182484419;0.1253364;0.104087959;0.099221715;0.073024272;0.071366302;0.044257434;0.038813998;0.031593728
Labour_force;0.067802671;0.077238748;0.07663128;0.090425877;0.100033076;0.112716888;0.116019194;0.124891307;0.115944036;0.118296922
Consumption_Units;1.529152915;1.616735537;1.556092649;1.609009901;1.607904762;1.631279178;1.63432282;1.630849057;1.576112625;1.551179673
Nb_Households;0.1;0.1;0.1;0.1;0.1;0.1;0.1;0.1;0.1;0.1
