Households_Groups;H1;H2;H3;H4;H5;H6;H7;H8;H9;H10
Population;0.12100;0.11500;0.10700;0.08900;0.09700;0.10100;0.09200;0.09700;0.09400;0.08600
Retired;0.01000;0.05000;0.08000;0.10000;0.16000;0.11000;0.13000;0.11000;0.12000;0.13000
Unemployed;0.22000;0.18000;0.14000;0.10000;0.09000;0.08000;0.06000;0.06000;0.04000;0.03000
Labour_force;0.09600;0.09400;0.09400;0.08400;0.09200;0.11000;0.10200;0.11500;0.11200;0.10200
Consumption_Units;0.11000;0.11000;0.10000;0.09000;0.10000;0.10000;0.10000;0.10000;0.10000;0.09000
Nb_Households;0.10000;0.10000;0.10000;0.10000;0.10000;0.10000;0.10000;0.10000;0.10000;0.10000
