CurYear_MtCO2perKtoe;2030;2050
Emis_Coef_Gas;0.00201332378223496;0.000376
